{
  "sets": [
    {
      "id": "it-compamy-01",
      "imagePath": "it-company.png",
      "name": {
        "en": "IT Company",
        "ru": "IT-компании",
        "zh": "IT 公司"
      },
      "creator": "myUsername",
      "backgroundId": "computer-science-01",
      "cards": [
        "myUsername-google",
        "myUsername-apple",
        "myUsername-microsoft",
        "myUsername-facebook",
        "myUsername-amazon",
        "myUsername-ibm"
      ]
    }
  ]
}