{
  "cards": [
    {
      "id": "myUsername-google",
      "imagePath": "it-brands/google.png",
      "name": {
        "en": "Google",
        "ru": "Гугл",
        "zh": "谷歌"
      },
      "categories": [
        "it-brands"
      ]
    },
    {
      "id": "myUsername-apple",
      "imagePath": "it-brands/apple.png",
      "name": {
        "en": "Apple",
        "ru": "Эппл",
        "zh": "苹果"
      },
      "categories": [
        "it-brands"
      ]
    },
    {
      "id": "myUsername-microsoft",
      "imagePath": "it-brands/microsoft.png",
      "name": {
        "en": "Microsoft",
        "ru": "Майкрософт",
        "zh": "微软"
      },
      "categories": [
        "it-brands"
      ]
    },
    {
      "id": "myUsername-facebook",
      "imagePath": "it-brands/facebook.png",
      "name": {
        "en": "Facebook",
        "ru": "Фейсбук",
        "zh": "脸书"
      },
      "categories": [
        "it-brands"
      ]
    },
    {
      "id": "myUsername-amazon",
      "imagePath": "placeholder.jpg",
      "imageURL": "https://upload.wikimedia.org/wikipedia/commons/thumb/0/06/Amazon_2024.svg/1920px-Amazon_2024.svg.png",
      "name": {
        "en": "Amazon",
        "ru": "Амазон",
        "zh": "亚马逊"
      },
      "categories": [
        "it-brands"
      ]
    },
    {
      "id": "myUsername-ibm",
      "imagePath": "placeholder.jpg",
      "imageURL": "https://upload.wikimedia.org/wikipedia/commons/thumb/5/51/IBM_logo.svg/1920px-IBM_logo.svg.png",
      "name": {
        "en": "IBM",
        "ru": "Ай-Би-Эм",
        "zh": "IBM"
      },
      "categories": [
        "it-brands"
      ]
    }
  ]
}